{
  "sheetsById": {
    "STid": {
      "staticOverrides": {
        "byObject": {
          "spectre": {
            "position": {
              "x": 2.0900000000000007
            },
            "state": "on"
          },
          "spectre / matrix": {
            "position": {
              "x": 6.380000000000012,
              "y": 2.579999999999997,
              "z": -1.8600000000000003
            },
            "rotation": {
              "y": 1.57
            }
          },
          "undefined / glow / matrix": {
            "position": {
              "x": -0.4700000000000001
            },
            "rotation": {
              "y": -1.5600000000000012
            }
          },
          "architect": {
            "offTextureOpacity": 1,
            "blueTextureOpacity": 0,
            "greenTextureOpacity": 0,
            "state": "green"
          },
          "architect / glow / matrix": {
            "rotation": {
              "y": -1.57
            }
          },
          "architect / glow / material": {
            "color": {
              "r": 1,
              "g": 0,
              "b": 0.058823529411764705,
              "a": 1
            }
          },
          "architect / matrix": {
            "position": {
              "x": 24.030000000000044,
              "y": 3.95000000000001,
              "z": 4.110000000000006
            },
            "rotation": {
              "y": 0
            }
          },
          "architect / glow / glow-blue / material": {
            "color": {
              "r": 0,
              "g": 0.5333333333333333,
              "b": 0.9215686274509803,
              "a": 1
            },
            "opacity": 0.5
          },
          "spectre / glow / matrix": {
            "rotation": {
              "y": 1.57
            },
            "position": {
              "z": 0.09999999999999996,
              "x": -0.07999999999999999,
              "y": -0.13
            },
            "scale": {
              "x": 0.3,
              "y": 0.3,
              "z": 0.1
            }
          },
          "spectre / glow / material": {
            "opacity": 0.14999999999999955,
            "color": {
              "r": 0,
              "g": 0.5333333333333333,
              "b": 0.9215686274509803,
              "a": 1
            }
          },
          "architect / camera / matrix": {
            "position": {
              "x": 0,
              "z": -0.1
            }
          },
          "spectre / camera / matrix": {
            "position": {
              "x": 0,
              "z": -0.25
            }
          },
          "camera": {
            "focus": "default",
            "controls": true
          },
          "phone / matrix": {
            "position": {
              "x": 18.169999999999877,
              "z": 2.610000000000008,
              "y": 2.589999999999996
            },
            "rotation": {
              "y": 0,
              "z": -0.5400000000000003,
              "x": 0
            }
          },
          "phone / camera / matrix": {
            "position": {
              "x": 0,
              "y": 0
            }
          },
          "spectre / camera / position": {
            "position": {
              "x": -0.5
            }
          },
          "architect / camera / position": {
            "position": {
              "x": -0.25
            }
          },
          "phone / camera / position": {
            "position": {
              "x": -0.25
            }
          },
          "architect / glow / glow-blue / matrix": {
            "scale": {
              "x": 0.5,
              "y": 0.5
            }
          },
          "architect / glow / glow-green / matrix": {
            "scale": {
              "x": 0.5,
              "y": 0.5
            }
          },
          "architect / glow / glow-green / material": {
            "opacity": 0.5
          },
          "postprocessing / bloom": {
            "intensity": 1,
            "radius": 0.99,
            "width": 1024
          }
        }
      }
    }
  },
  "definitionVersion": "0.4.0",
  "revisionHistory": [
    "VA5TU3k2mNHIjj-9",
    "JSdbdfI6y9MlT7xN",
    "GDS-9uuQWecmODc1"
  ]
}