{
  "sheetsById": {
    "STid": {
      "staticOverrides": {
        "byObject": {
          "spectre": {
            "position": {
              "x": 2.0900000000000007
            }
          },
          "spectre / matrix": {
            "position": {
              "x": 6.380000000000012,
              "y": 2.579999999999997,
              "z": -1.8600000000000003
            },
            "rotation": {
              "y": 1.5
            }
          },
          "undefined / glow / matrix": {
            "position": {
              "x": -0.4700000000000001
            },
            "rotation": {
              "y": -1.5600000000000012
            }
          },
          "architect": {
            "offTextureOpacity": 1,
            "blueTextureOpacity": 0,
            "greenTextureOpacity": 0,
            "state": "off"
          },
          "architect / glow / matrix": {
            "rotation": {
              "y": -1.57
            }
          },
          "architect / glow / material": {
            "color": {
              "r": 1,
              "g": 0,
              "b": 0.058823529411764705,
              "a": 1
            }
          },
          "architect / matrix": {
            "position": {
              "x": 24.030000000000044,
              "y": 3.95000000000001,
              "z": 4.110000000000006
            },
            "rotation": {
              "y": 0
            }
          },
          "architect / glow / glow-blue / material": {
            "color": {
              "r": 0.3333333333333333,
              "g": 0.5176470588235295,
              "b": 0.7176470588235294,
              "a": 1
            },
            "opacity": -2.47
          },
          "spectre / glow / matrix": {
            "rotation": {
              "y": 1.57
            },
            "position": {
              "z": 0.09999999999999996,
              "x": -0.07999999999999999,
              "y": -0.13
            },
            "scale": {
              "x": 0.2,
              "y": 0.2,
              "z": 0.1
            }
          },
          "spectre / glow / material": {
            "opacity": 0.19000000000000003
          }
        }
      }
    }
  },
  "definitionVersion": "0.4.0",
  "revisionHistory": [
    "GDS-9uuQWecmODc1"
  ]
}